Tm,sigma_Tm,src_flg
# 2460797.82822,0.00285,Unistellar
# 2460797.82519,0.00319,Unistellar
2460797.83009,0.001327802,Bruneau 
2460825.80432,0.00139,Unistellar
2460839.79153,0.00417,Unistellar
