Epoch,Tm,sigma_Tm
1341,2459393.5125923357,0.0009689999869139703
1342,2459396.3125962783,0.0012162989273807629
1343,2459399.1087932643,0.0010679040035460787
1344,2459401.9042956233,0.0009668384263293835
1346,2459407.5006231763,0.0009149932390854589
1347,2459410.2965189447,0.0010362181550801096
1348,2459413.093497431,0.001039865775532894
1349,2459415.889246668,0.00109736708859665
